{"cameraMode":{"drawMode":0,"name":"Shaded","section":"Shading Mode"},"sceneLighting":false,"audioPlay":false,"sceneViewState":{"showFog":true,"showMaterialUpdate":true,"showSkybox":true,"showFlares":true,"showImageEffects":true,"showParticleSystems":true},"in2DMode":false,"pivot":{"x":33.6414794921875,"y":-0.1794307827949524,"z":-7.595831871032715},"rotation":{"x":0.18721789121627809,"y":-0.1569184511899948,"z":0.03031105361878872,"w":0.9692401885986328},"size":15.78304672241211,"orthographic":false}