{"cameraMode":{"drawMode":0,"name":"Shaded","section":"Shading Mode"},"sceneLighting":false,"audioPlay":false,"sceneViewState":{"showFog":true,"showMaterialUpdate":true,"showSkybox":true,"showFlares":true,"showImageEffects":true,"showParticleSystems":true},"in2DMode":false,"pivot":{"x":1.7666168212890626,"y":0.7512786388397217,"z":5.671450138092041},"rotation":{"x":0.02576928399503231,"y":0.053950291126966479,"z":-0.0013934442540630699,"w":0.9982141852378845},"size":4.952691078186035,"orthographic":false}