{"cameraMode":{"drawMode":0,"name":"Shaded","section":"Shading Mode"},"sceneLighting":false,"audioPlay":false,"sceneViewState":{"showFog":true,"showMaterialUpdate":true,"showSkybox":true,"showFlares":true,"showImageEffects":true,"showParticleSystems":true},"in2DMode":false,"pivot":{"x":24.196313858032228,"y":1.0020217895507813,"z":-7.534085750579834},"rotation":{"x":0.16142496466636659,"y":-0.5620510578155518,"z":0.11294498294591904,"w":0.8033064603805542},"size":8.784711837768555,"orthographic":false}