{"cameraMode":{"drawMode":0,"name":"Shaded","section":"Shading Mode"},"sceneLighting":false,"audioPlay":false,"sceneViewState":{"showFog":true,"showMaterialUpdate":true,"showSkybox":false,"showFlares":true,"showImageEffects":true,"showParticleSystems":true},"in2DMode":false,"pivot":{"x":0.2449413537979126,"y":0.5651803016662598,"z":0.39704036712646487},"rotation":{"x":0.02576928399503231,"y":0.053950291126966479,"z":-0.0013934442540630699,"w":0.9982141852378845},"size":5.625572681427002,"orthographic":false}